Site_Serve,the_geom,Activity,Event_Date,LONG,LAT
Barclays,POINT (-73.97569133352013 40.68345377842603),Stadium Events,2/8/2019,-73.9756913335,40.6834537784
Barclays,POINT (-73.97569133352013 40.68345377842603),Stadium Events,2/28/2019,-73.9756913335,40.6834537784
St. John's University,POINT (-73.7916940941764 40.72560042547515),Stadium Events,2/28/2019,-73.7916940942,40.7256004255
Barclay Center,POINT (-73.97569133352013 40.68345377842603),Stadium Events,1/14/2019,-73.9756913335,40.6834537784
Barclays,POINT (-73.97569133352013 40.68345377842603),Stadium Events,1/14/2019,-73.9756913335,40.6834537784
Fordham University,POINT (-73.88922065311651 40.86056500360556),Stadium Events,1/23/2019,-73.8892206531,40.8605650036
Madison Square Garden - DWI,POINT (-73.99194427702065 40.75066151376061),Stadium Events,1/27/2019,-73.991944277,40.7506615138
Barclays,POINT (-73.97569133352013 40.68345377842603),Stadium Events,12/5/2018,-73.9756913335,40.6834537784
Barclays,POINT (-73.97569133352013 40.68345377842603),Stadium Events,12/7/2018,-73.9756913335,40.6834537784
Fordham Campus,POINT (-73.88922065311651 40.86056500360556),Stadium Events,12/8/2018,-73.8892206531,40.8605650036
St. John's,POINT (-73.7916940941764 40.72560042547515),Stadium Events,12/16/2018,-73.7916940942,40.7256004255
Dusk to Darkness,POINT (-73.93575420270547 40.85016768544356),Other Special Event,11/01/2018,-73.9357542027,40.8501676854
Bronx Safety City,POINT (-73.83881253024961 40.824058557225875),Car Seat Check,11/30/2018,-73.8388125302,40.8240585572
Rosedale Car Seats,POINT (-73.73664342768312 40.666785061789746),Car Seat Check,11/28/2018,-73.7366434277,40.6667850618
VZ Street Teams,POINT (-73.90231306710602 40.64513343352489),Street Teams,11/03/2018,-73.9023130671,40.6451334335
VZ/DOT Street Teams in Mall/Chelsea Market,POINT (-74.00486092713196 40.741645191829015),Street Teams,11/10/2018,-74.0048609271,40.7416451918
,POINT (-73.83881253024961 40.824058557225875),Car Seat Check,9/15/2018,-73.8388125302,40.8240585572
Bike Bonanza - Helmet Fitting & Distribution Event in Michael J. Petrides School,POINT (-74.10206680719473 40.60851136326576),Helmet Fitting,9/15/2018,-74.1020668072,40.6085113633
Central Park West,POINT (-73.9670986299348 40.77248329435638),Stadium Events,9/9/2018,-73.9670986299,40.7724832944
DOT/VZ Bike Helmet Fitting & Distribution Event,POINT (-73.892166047396 40.758595791657235),Helmet Fitting,9/29/2018,-73.8921660474,40.7585957917
DOT/VZ Helmet Fitting & Distribution @ Van Cortlandt Park Memorial Grove,POINT (-73.89989959490153 40.88955049338358),Helmet Fitting,9/22/2018,-73.8998995949,40.8895504934
DOT/VZ Helmet Fitting & Distribution Event @ Party on the Park,POINT (-73.94199252019709 40.800971956016916),Helmet Fitting,9/30/2018,-73.9419925202,40.800971956
National Safe Kids Day # Old Navy,POINT (-73.97561561597063 40.68345650717216),Community Fair,9/29/2018,-73.975615616,40.6834565072
Uber,POINT (-73.93565178599825 40.74306007802392),UBER,9/18/2018,-73.935651786,40.743060078
VZ Bike Helmet Fitting & Distribution Event in Castlewood Playground,POINT (-73.72277556262696 40.75021016288569),Helmet Fitting,9/16/2018,-73.7227755626,40.7502101629
VZ Bike Helmet Fitting & Distributuion Event,POINT (-73.97680061579975 40.71807923109977),Helmet Fitting,9/8/2018,-73.9768006158,40.7180792311
VZ Street Teams,POINT (-73.8502208689015 40.68693530831868),Street Teams,9/29/2018,-73.8502208689,40.6869353083
DOT/VZ Bike Lights giveaway,POINT (-74.0056303538409 40.750787915976645),Other Bike Safety,10/23/2018,-74.0056303538,40.750787916
DOT/VZ Bike Helmet Fitting & Distribution Event,POINT (-74.07582549494255 40.62692178691198),Helmet Fitting,10/13/2018,-74.0758254949,40.6269217869
DOT/VZ Bike Helmet fitting and Distribution Event,POINT (-73.92173636444753 40.829035737802585),Helmet Fitting,10/28/2018,-73.9217363644,40.8290357378
DOT/VZ Street teams,POINT (-73.86649088025435 40.87739338678625),Street Teams,10/6/2018,-73.8664908803,40.8773933868
Pct 102/106,POINT (-73.84111644845254 40.66419358111454),Street Teams,10/7/2018,-73.8411164485,40.6641935811
Saturday Car Seat Check at Bx SC,POINT (-73.83953940523736 40.82529744016403),Car Seat Check,10/20/2018,-73.8395394052,40.8252974402
DOT/VZ Bike Helmet fitting and Distribution Event,POINT (-73.7684735890368 40.68625091420896),Helmet Fitting,10/20/2018,-73.768473589,40.6862509142
Uber,POINT (-73.93565178599825 40.74306007802392),UBER,10/30/2018,-73.935651786,40.743060078
Free Helmet Fitting and Distrivbution @ Summer Streets,POINT (-73.98587929989924 40.74085394021333),Helmet Fitting,8/18/2018,-73.9858792999,40.7408539402
Staten Island Yankees,POINT (-74.0776700080592 40.645521984678396),Stadium Events,8/8/2018,-74.0776700081,40.6455219847
Summer Streets,POINT (-73.98587929989924 40.74085394021333),Helmet Fitting,8/4/2018,-73.9858792999,40.7408539402
Summer Streets,POINT (-73.97352371561585 40.75780881633818),"Family Safety Zone
Family Safety Zone",8/4/2018,-73.9735237156,40.7578088163
Summer Streets,POINT (-73.98587929989924 40.74085394021333),Helmet Fitting,8/11/2018,-73.9858792999,40.7408539402
Summer Streets,POINT (-74.00309498362749 40.71395889668064),Helmet Fitting,8/11/2018,-74.0030949836,40.7139588967
Summer Streets,POINT (-73.97352371561585 40.75780881633818),"Family Safety Zone
Family Safety Zone",8/11/2018,-73.9735237156,40.7578088163
Summer Streets - Hand Cycling,POINT (-74.00309498362749 40.71395889668064),Helmet Fitting,8/4/2018,-74.0030949836,40.7139588967
VZ Street Teams,POINT (-73.9971210881835 40.7223002277607),Street Teams,8/18/2018,-73.9971210882,40.7223002278
Bike Bonanza in Frank D. O'Connor Park,POINT (-73.8860972442814 40.74441606465536),Helmet Fitting,7/14/2018,-73.8860972443,40.7444160647
Bronx Safety City,POINT (-73.83881253024961 40.824058557225875),Car Seat Check,7/11/2018,-73.8388125302,40.8240585572
Brooklyn Cyclones,POINT (-73.9858783514429 40.57506925998845),Stadium Events,7/6/2018,-73.9858783514,40.57506926
NYCDOH/Family Wellness Suite,POINT (-73.8944815588634 40.8440824916516),Training,7/26/2018,-73.8944815589,40.8440824917
Rosedale Car Seats,POINT (-73.73664342768312 40.666785061789746),Car Seat Check,7/25/2018,-73.7366434277,40.6667850618
Sara D. Roosevelt Park in the Pit,POINT (-73.99292213087834 40.7189349713184),Helmet Fitting,7/8/2018,-73.9929221309,40.7189349713
Staten Island Yankees,POINT (-74.07700238079316 40.64467429572765),Stadium Events,7/9/2018,-74.0770023808,40.6446742957
VZ Street Teams,POINT (-73.88596442555573 40.83677071022531),Street Teams,7/14/2018,-73.8859644256,40.8367707102
VZ Street Teams in Staten Island,POINT (-74.0657054391272 40.589697604933846),Street Teams,7/28/2018,-74.0657054391,40.5896976049
WFAN& Yankees Radio Fan Fest,POINT (-73.9287167989268 40.82973193232707),Other DWI,7/22/2018,-73.9287167989,40.8297319323
Bike Bonanza @ PS/MS 124,POINT (-73.81170110087851 40.6650577161054),Helmet Fitting,06/02/2018,-73.8117011009,40.6650577161
Citifield,POINT (-73.84539790533192 40.75470261558887),Stadium Events,06/08/2018,-73.8453979053,40.7547026156
DOT VZ Helmet Fitting & Distribution,POINT (-73.94983283746448 40.70187653631213),Helmet Fitting,06/01/2018,-73.9498328375,40.7018765363
Rosedale Car Seats,POINT (-73.73664342768312 40.666785061789746),Car Seat Check,06/27/2018,-73.7366434277,40.6667850618
Staten Island Yankees,POINT (-74.07700238079316 40.64467429572765),Stadium Events,06/25/2018,-74.0770023808,40.6446742957
VZ Helmet Fitting Sonsored by CM Andrew Cohen,POINT (-73.90250567556994 40.912827612995834),Helmet Fitting,06/10/2018,-73.9025056756,40.912827613
DOT VZ Bike Helmet Fitting & Distribution,POINT (-73.86813694616451 40.86789863050608),Helmet Fitting,06/16/2018,-73.8681369462,40.8678986305
VS Street Teams,POINT (-73.92011529911777 40.66837626617736),Street Teams,06/30/2018,-73.9201152991,40.6683762662
VZ Helmet Fitting Sponsored by Council Speaker Corey Johnson,POINT (-73.99931803368453 40.733932538200094),Helmet Fitting,06/09/2018,-73.9993180337,40.7339325382
VZ Street Team with 114 pct.,POINT (-73.91725948418943 40.770773014531606),Street Teams,06/23/2018,-73.9172594842,40.7707730145
VZ STreet Teams,POINT (-73.74273455265126 40.695956691272045),Street Teams,06/02/2018,-73.7427345527,40.6959566913
,POINT (-73.99236271571145 40.689689466781836),Street Teams,06/09/2018,-73.9923627157,40.6896894668
VZ Street Teams,POINT (-73.99778483293532 40.72423529650149),Street Teams,06/16/2018,-73.9977848329,40.7242352965
DOT VZ Helmet Fitting @ PS 226,POINT (-73.91620201783043 40.856572256741806),Helmet Fitting,05/23/2018,-73.9162020178,40.8565722567
IS 28,POINT (-74.08164270200194 40.620346770800175),Helmet Fitting,05/23/2018,-74.081642702,40.6203467708
IS 48,POINT (-74.09123739230229 40.60348376700797),Helmet Fitting,05/08/2018,-74.0912373923,40.603483767
Is 49 Berta A Dreyfus,POINT (-74.08164270200194 40.620346770800175),Helmet Fitting,05/22/2018,-74.081642702,40.6203467708
IS 50,POINT (-74.14496980439453 40.62259547233498),Helmet Fitting,05/02/2018,-74.1449698044,40.6225954723
IS 72,POINT (-74.1589878167704 40.59300446800243),Helmet Fitting,05/09/2018,-74.1589878168,40.593004468
IS 80,POINT (-74.10206680719473 40.60851136326576),Helmet Fitting,05/01/2018,-74.1020668072,40.6085113633
Nyc Lab High School For Collaborative Studies,POINT (-74.0021977184355 40.74212834952506),Helmet Fitting,05/09/2018,-74.0021977184,40.7421283495
VZ Tabling Event at the Staten Island Mall,POINT (-74.16905343302824 40.58230457169508),Street Teams,05/19/2018,-74.169053433,40.5823045717
Bike Bell and LIght Giveaway,POINT (-74.00801957039307 40.75015648284767),Other Bike Safety,05/08/2018,-74.0080195704,40.7501564828
DOT VZ Helmet Fitting @ Dennty Farrell Riverbank State Park,POINT (-73.95196061927697 40.82711726515019),Helmet Fitting,05/01/2018,-73.9519606193,40.8271172652
DOT VZ Helmet Fitting @ Gravesend Park,POINT (-73.98543575279261 40.623836021219425),Helmet Fitting,05/06/2018,-73.9854357528,40.6238360212
International High School At Laguardia Community College,POINT (-73.93364034718022 40.744412098840534),Bike to School,05/29/2018,-73.9336403472,40.7444120988
NYC Baby Shower,POINT (-73.76840478424539 40.68633586468463),Safety Shower,05/12/2018,-73.7684047842,40.6863358647
Phil Rizzuto Park,POINT (-73.82189719672165 40.6938694306563),Helmet Fitting,05/05/2018,-73.8218971967,40.6938694307
VZ Street Teams,POINT (-73.92615346227423 40.86352863719598),Street Teams,05/12/2018,-73.9261534623,40.8635286372
VZ Street Teams,POINT (-74.16905343302824 40.58230457169508),Street Teams,05/19/2018,-74.169053433,40.5823045717
VZ Street Teams - 115th Precinct,POINT (-73.87214150315782 40.753964129510095),Street Teams,05/05/2018,-73.8721415032,40.7539641295
Barclay Center,POINT (-73.97569133352013 40.68345377842603),Stadium Events,04/05/2018,-73.9756913335,40.6834537784
City As School,POINT (-74.00614810618293 40.72941176504154),Helmet Fitting,04/18/2018,-74.0061481062,40.729411765
El Puente Academy For Peace And Justice,POINT (-73.95965536655973 40.71068560204063),Helmet Fitting,04/19/2018,-73.9596553666,40.710685602
Ps 26 Rufus King,POINT (-73.77798984928653 40.73692167027457),Safe Kids Day,04/29/2018,-73.7779898493,40.7369216703
Bike Bonanza & DOT Helmet Fitting & Distribution,POINT (-73.93286218476258 40.85050638219005),Helmet Fitting,04/21/2018,-73.9328621848,40.8505063822
Bronx Safety City,POINT (-73.83881253024961 40.824058557225875),Car Seat Check,04/21/2018,-73.8388125302,40.8240585572
VZ Street Teams,POINT (-73.8971421818763 40.86244422304833),DWI,04/21/2018,-73.8971421819,40.862444223
Access Safety City,POINT (-73.94788132138288 40.836131876616456),Car Seat Check,03/17/2018,-73.9478813214,40.8361318766
Barclays,POINT (-73.97569133352013 40.68345377842603),Stadium Events,03/13/2018,-73.9756913335,40.6834537784
Barclay's Center,POINT (-73.97569133352013 40.68345377842603),Stadium Events,03/25/2018,-73.9756913335,40.6834537784
George Washington Carver High School For The Sciences,POINT (-73.7568387195815 40.66823485302633),"DWI – Dangers, Decisions",03/15/2018,-73.7568387196,40.668234853
NYCDOH/ Family Wellness Suite,POINT (-73.91141455724502 40.664826385567274),Training,03/07/2018,-73.9114145572,40.6648263856
Williamsbridge Oval Park,POINT (-73.87890315410093 40.87635311639935),Helmet Fitting,03/31/2018,-73.8789031541,40.8763531164
Barclays,POINT (-73.97569133352013 40.68345377842603),Stadium Events,02/02/2018,-73.9756913335,40.6834537784
Bellevue Hospital Center,POINT (-73.97686183398184 40.739172693304035),Parent Workshop,02/26/2018,-73.976861834,40.7391726933
DOH/Family Wellness Suite Coordinator,POINT (-73.9416991606225 40.79775498623477),Training,02/14/2018,-73.9416991606,40.7977549862
St Gabriel's Church Boy Scouts Pack & Troop 933,POINT (-73.94921714272645 40.6579187162733),Helmet Fitting,02/09/2018,-73.9492171427,40.6579187163
Barclay Center,POINT (-73.97569133352013 40.68345377842603),"DWI – Dangers, Decisions",01/16/2018,-73.9756913335,40.6834537784
Barclay Center,POINT (-73.97569133352013 40.68345377842603),DWI,12/14/2017,-73.9756913335,40.6834537784
Uber,POINT (-73.93565178599825 40.74306007802392),UBER,12/05/2017,-73.935651786,40.743060078
Gateway Mall,POINT (-73.92663164968482 40.826607138543274),DWI,12/02/2017,-73.9266316497,40.8266071385
Access Safety City,POINT (-73.94788132138288 40.836131876616456),Car Seat Check,11/19/2017,-73.9478813214,40.8361318766
BARCLAYS CENTER,POINT (-73.97569133352013 40.68345377842603),Stadium Events,11/14/2017,-73.9756913335,40.6834537784
UBER,POINT (-73.93565178599825 40.74306007802392),UBER,11/30/2017,-73.935651786,40.743060078
NYC MARATHON EXPO,POINT (-74.00270716527932 40.75727385730307),Other Special Event,11/02/2017,-74.0027071653,40.7572738573
Access Safety City,POINT (-73.94788132138288 40.836131876616456),Car Seat Check,10/21/2017,-73.9478813214,40.8361318766
IS 192,POINT (-73.81841660838568 40.826525940770736),Helmet Fitting,10/28/2017,-73.8184166084,40.8265259408
Wycoff Av & Myrtle,POINT (-73.89372878667777 40.70444044815662),Street Teams,10/28/2017,-73.8937287867,40.7044404482
Annual Tour De Bronx,POINT (-73.92078546605194 40.829507179485304),Helmet Fitting,10/25/2017,-73.9207854661,40.8295071795
Fall Festival @ Kaiser PK,POINT (-73.99580977303805 40.577759958959454),Helmet Fitting,10/21/2017,-73.995809773,40.577759959
Dusk to Dawn,POINT (-73.99030330396376 40.69276070880161),Other Special Event,10/26/2017,-73.990303304,40.6927607088
Williamsbridge Oval Park,POINT (-73.87890315410093 40.87635311639935),Helmet Fitting,09/23/2017,-73.8789031541,40.8763531164
People Pk,POINT (-73.91713946437456 40.80920192685609),Helmet Fitting,09/16/2017,-73.9171394644,40.8092019269
Access Safety City,POINT (-73.94788132138288 40.836131876616456),Car Seat Check,09/16/2017,-73.9478813214,40.8361318766
CM Cumbo,POINT (-73.96451201777558 40.6806017989811),Helmet Fitting,09/09/2017,-73.9645120178,40.680601799
Gravesend Park,POINT (-73.98408857480081 40.623435103099354),Helmet Fitting,09/17/2017,-73.9840885748,40.6234351031
Boardwalk and Beach,POINT (-74.10565775270099 40.57452747520939),Street Teams,07/29/2017,-74.1056577527,40.5745274752
Nostrand Ave and merchants association,POINT (-73.95049901342573 40.65955790940721),Helmet Fitting,07/22/2017,-73.9504990134,40.6595579094
Irwin St & Orential Blvd,POINT (-73.9435362000617 40.577908103036876),Street Teams,07/22/2017,-73.9435362001,40.577908103
Junction Playground,POINT (-73.87269170151221 40.75502970200274),Helmet Fitting,07/18/2017,-73.8726917015,40.755029702
Access Safety  City,POINT (-73.94788132138288 40.836131876616456),Car Seat Check,07/15/2017,-73.9478813214,40.8361318766
Bergen Beach Youth Org,POINT (-73.89504668704069 40.60729830882129),Helmet Fitting,07/15/2017,-73.895046687,40.6072983088
47 PCT,POINT (-73.8472703495287 40.88730533837241),Street Teams,07/08/2017,-73.8472703495,40.8873053384
Staten Island Yankees,POINT (-74.07700238079316 40.64467429572765),DWI,8/25/2017,-74.0770023808,40.6446742957
National Night Out - Action 84,POINT (-73.99592462127534 40.70143725538587),Helmets,8/1/2017,-73.9959246213,40.7014372554
NYPD National Nigh Out Against Crime,POINT (-73.93245332502539 40.86158650507856),,8/1/2017,-73.932453325,40.8615865051
"VZ DWI ""Your Choice Matters"" at SI Yankees",POINT (-74.07700238079316 40.64467429572765),DWI,8/21/2017,-74.0770023808,40.6446742957
Staten Island University in the Main Oval,POINT (-74.08693008736724 40.58395236167816),Helmets,8/24/2017,-74.0869300874,40.5839523617
Access Safety City,POINT (-73.94788132138288 40.836131876616456),car seats,8/26/2017,-73.9478813214,40.8361318766
"DWI ""Your Choices Matter"" at Yankees",POINT (-74.07700238079316 40.64467429572765),DWI,8/31/2017,-74.0770023808,40.6446742957
"VZ ""Your choices Matter"" NY Mets",POINT (-73.84539790533192 40.75470261558887),DWI,8/16/2017,-73.8453979053,40.7547026156
"VZ ""Your choices Matter"" NY Mets",POINT (-73.84539790533192 40.75470261558887),DWI,8/17/2017,-73.8453979053,40.7547026156
Summer Streets,POINT (-73.98587929989924 40.74085394021333),Helmets,8/5/2017,-73.9858792999,40.7408539402
Hand Cyclist,POINT (-74.00353876965862 40.715828065993485),Helmets,8/5/2017,-74.0035387697,40.715828066
Safe Kids,POINT (-73.97352371561585 40.75780881633818),Safe Kids,8/5/2017,-73.9735237156,40.7578088163
VZ Your Choices Matter Campaign at Yankees Fan Fest,POINT (-73.92787966923429 40.82862529129011),DWI,8/12/2017,-73.9278796692,40.8286252913
Summer Streets,POINT (-73.98587929989924 40.74085394021333),Helmets,8/12/2017,-73.9858792999,40.7408539402
Hand Cyclist,POINT (-74.00353876965862 40.715828065993485),Helmets,8/12/2017,-74.0035387697,40.715828066
Safe Kids,POINT (-73.97352371561585 40.75780881633818),Safe Kids,8/12/2017,-73.9735237156,40.7578088163
Summer Streets,POINT (-73.98587929989924 40.74085394021333),Helmets,8/19/2017,-73.9858792999,40.7408539402
Hand Cyclist,POINT (-74.00353876965862 40.715828065993485),Helmets,8/19/2017,-74.0035387697,40.715828066
Safe Kids,POINT (-73.97352371561585 40.75780881633818),Safe Kids,8/12/2017,-73.9735237156,40.7578088163
VZ Table Seminar,POINT (-73.9717827280049 40.794651010053975),Street Teams,8/26/2017,-73.971782728,40.7946510101
Helmet Event,POINT (-73.94882027109416 40.61147672857935),Helmets,8/27/2017,-73.9488202711,40.6114767286
Citifield,POINT (-73.84539787326065 40.754702657869636),NA,6/14/2017,-73.8453978733,40.7547026579
Coll. of MT. St. Vincent,POINT (-73.90250564345871 40.91282765529135),Helmet Fitting,6/11/2017,-73.9025056435,40.9128276553
18 Precient,POINT (-73.98483447282227 40.76501585378288),Street Teams,6/10/2017,-73.9848344728,40.7650158538
MS 117,POINT (-73.90842648905233 40.848516171276366),Helmet Fitting,6/1/2017,-73.9084264891,40.8485161713
Roosevelt Islasnd,POINT (-73.94984191320994 40.761673815221194),Helmet Fitting,6/17/2017,-73.9498419132,40.7616738152
Bedford Stuyvesant Restoration Corp,POINT (-73.94571736522852 40.68017455924891),Helmet Fitting,6/25/2017,-73.9457173652,40.6801745592
Bike Helmet Fitting,POINT (-73.95796305244238 40.620099129159),Helmet Fitting,6/4/2017,-73.9579630524,40.6200991292
Vision Zero,POINT (-73.84733500857698 40.7221194947869),Street Teams,6/3/2017,-73.8473350086,40.7221194948
St. Mary's Playgound,POINT (-73.91371365237619 40.81295423736197),Helmet Fitting,6/24/2017,-73.9137136524,40.8129542374
Dag Hammarskjold Plaza,POINT (-73.96988739933745 40.75299917077321),Helmet Fitting,6/27/2017,-73.9698873993,40.7529991708
Schools Out Festival,POINT (-73.79319620596902 40.66705712172663),Helmet Fitting,6/29/2017,-73.793196206,40.6670571217
CM Mark Levine,POINT (-73.95189913873563 40.82714747365287),Helmet Fitting,05/20/2017,-73.9518991387,40.8271474737
121 Pct,POINT (-74.1491326325151 40.62359478463027),Street Teams,05/20/2017,-74.1491326325,40.6235947846
Central Library,POINT (-73.96906921390477 40.67283270030587),Helmet Fitting,05/16/2017,-73.9690692139,40.6728327003
National Bike to work Week,POINT (-73.97851339785112 40.753868442709894),Helmet Fitting,05/03/2017,-73.9785133979,40.7538684427
Access Safety City,POINT (-73.94788128933752 40.836131918925226),Car Seats,05/20/2017,-73.9478812893,40.8361319189
Staten Island Mall,POINT (-74.1690534012449 40.58230461406653),Street Teams,05/02/2017,-74.1690534012,40.5823046141
CM Stephen Levin,POINT (-73.95003771740632 40.70276048152203),Helmet Fitting,05/19/2017,-73.9500377174,40.7027604815
Access Safety City,POINT (-73.94788128933752 40.836131918925226),Car Seat Check,04/15/2017,-73.9478812893,40.8361319189
CM Ben Kallos,POINT (-73.9598677562524 40.765256888412715),Helmet Fitting,04/01/2017,-73.9598677563,40.7652568884
CM Andrew Cohen,POINT (-73.87890312199228 40.876353158688616),Helmet Fitting,04/15/2017,-73.878903122,40.8763531587
CM Ydanis Rodriguez,POINT (-73.93286215270074 40.85050642449449),Helmet Fitting,04/22/2017,-73.9328621527,40.8505064245
NYPD pct's 32 and 33,POINT (-73.93845072190415 40.84619211932611),Street Teams,04/22/2017,-73.9384507219,40.8461921193
Bike Bonanza,POINT (-73.85286898623679 40.83985127660923),Helmet Fitting,04/08/2017,-73.8528689862,40.8398512766
Barclay,POINT (-73.97569130156579 40.68345382074342),Other DWI,3/13/2017,-73.9756913016,40.6834538207
Uber,POINT (-73.93565175398989 40.74306012032986),NA,3/7/2017,-73.935651754,40.7430601203
Uber,POINT (-73.93565175398989 40.74306012032986),NA,3/9/2017,-73.935651754,40.7430601203
Uber,POINT (-73.93565175398989 40.74306012032986),NA,3/14/2017,-73.935651754,40.7430601203
Uber,POINT (-73.93565175398989 40.74306012032986),NA,3/16/2017,-73.935651754,40.7430601203
Uber,POINT (-73.93565175398989 40.74306012032986),NA,3/21/2017,-73.935651754,40.7430601203
Uber,POINT (-73.93565175398989 40.74306012032986),NA,3/23/2017,-73.935651754,40.7430601203
Barclays,POINT (-73.97569130156579 40.68345382074342),NA,3/12/2017,-73.9756913016,40.6834538207
Uber,POINT (-73.93565175398989 40.74306012032986),NA,3/2/2017,-73.935651754,40.7430601203
Uber,POINT (-73.93565175398989 40.74306012032986),NA,02/16/2017,-73.935651754,40.7430601203
Uber,POINT (-73.93565175398989 40.74306012032986),NA,02/14/2017,-73.935651754,40.7430601203
Pathways to Graduation,POINT (-73.94913830890027 40.69509395293502),NA,02/17/2017,-73.9491383089,40.6950939529
Barclays,POINT (-73.97569130156579 40.68345382074342),NA,02/10/2017,-73.9756913016,40.6834538207
Barclays,POINT (-73.97569130156579 40.68345382074342),NA,02/08/2017,-73.9756913016,40.6834538207
Barclays Center,POINT (-73.97569130156579 40.68345382074342),NA,02/06/2017,-73.9756913016,40.6834538207
Uber,POINT (-73.93565175398989 40.74306012032986),NA,02/02/2017,-73.935651754,40.7430601203
Barclays,POINT (-73.97569130156579 40.68345382074342),NA,02/01/2017,-73.9756913016,40.6834538207
Uber,POINT (-73.93565175398989 40.74306012032986),NA,02/07/2017,-73.935651754,40.7430601203
Uber,POINT (-73.93565175398989 40.74306012032986),NA,02/21/2017,-73.935651754,40.7430601203
Uber,POINT (-73.93565175398989 40.74306012032986),NA,02/23/2017,-73.935651754,40.7430601203
Access Safety City,POINT (-73.94787767551404 40.83613191729212),Car Seat Check,10/18/2014,-73.9478776755,40.8361319173
Street Teams,POINT (-73.85736204742078 40.89341149928695),NA,10/18/2014,-73.8573620474,40.8934114993
Street Teams,POINT (-74.10976188261704 40.57046684538589),NA,10/11/2014,-74.1097618826,40.5704668454
Street Teams,POINT (-73.86649084813732 40.87739342907205),NA,10/18/2014,-73.8664908481,40.8773934291
Street Teams,POINT (-73.75527430805849 40.605334544034655),NA,10/25/2014,-73.7552743081,40.605334544
Turtle Circle Parking Lot,POINT (-74.08793799336092 40.572928502241524),Helmets,10/25/2014,-74.0879379934,40.5729285022
Tour de Bronx,POINT (-73.92267837054267 40.826848877175564),Helmets,10/26/2014,-73.9226783705,40.8268488772
Governor's Island,POINT (-74.01893881259922 40.69067639313132),Helmet Fitting,5/24/2014,-74.0189388126,40.6906763931
Central Park,POINT (-73.97134186774048 40.77231353398641),Helmet Fitting,6/21/2014,-73.9713418677,40.772313534
Street Teams,POINT (-73.94502507335046 40.6889931839988),NA,8/23/2014,-73.9450250734,40.688993184
Street Teams,POINT (-73.73478814279261 40.72632884358611),Street teams,7/26/2014,-73.7347881428,40.7263288436
Street Teams,POINT (-73.87003986060897 40.82290406804606),NA,7/19/2014,-73.8700398606,40.822904068
Street Teams,POINT (-73.95628301324504 40.814795242827316),NA,6/21/2014,-73.9562830132,40.8147952428
Street Teams,POINT (-73.8315694776589 40.69931045030052),NA,6/14/2014,-73.8315694777,40.6993104503
Street Teams,POINT (-73.95039917125632 40.70654017996581),NA,5/24/2014,-73.9503991713,40.70654018
Street Teams,POINT (-73.97114179134583 40.756811944376366),NA,5/17/2014,-73.9711417913,40.7568119444
Street Teams,POINT (-74.10588773843851 40.57429948643805),NA,5/10/2014,-74.1058877384,40.5742994864
Street Teams,POINT (-73.87000409592176 40.74503585038517),NA,5/3/2014,-73.8700040959,40.7450358504
Street Teams,POINT (-73.90057542537012 40.853590122031896),NA,5/3/2014,-73.9005754254,40.853590122
DWI SI Yankees,POINT (-74.07700234892165 40.64467433807335),Other DWI,8/29/2014,-74.0770023489,40.6446743381
DWI SI Yankees,POINT (-74.07702035668062 40.644666090773505),Other DWI,7/19/2014,-74.0770203567,40.6446660908
DWI SI Yankees,POINT (-74.07701678807938 40.64469628664513),Other DWI,6/15/2014,-74.0770167881,40.6446962866
DWI Campaign,POINT (-73.98587831954687 40.57506930230919),Other DWI,8/4/2014,-73.9858783195,40.5750693023
DWI Campaign,POINT (-73.89438155974173 40.866070263688265),Other DWI,6/20/2014,-73.8943815597,40.8660702637
DWI Campaign,POINT (-73.90733114000821 40.85381532231401),Other DWI,6/13/2014,-73.90733114,40.8538153223
Billy's Sports Bar,POINT (-73.92624790145106 40.827243709791034),Other DWI,8/24/2014,-73.9262479015,40.8272437098
Billy's Sports Bar,POINT (-73.92624790145106 40.827243709791034),Other DWI,7/24/2014,-73.9262479015,40.8272437098
PS 279-CAPT MANUEL RIVERA JR SCHOOL,POINT (-73.90556624563987 40.85443144915479),Helmet Fitting,6/9/2014,-73.9055662456,40.8544314492
Playground 174,POINT (-73.87925408012664 40.83442542692347),Helmet Fitting,6/29/2014,-73.8792540801,40.8344254269
Northern Playground,POINT (-73.87466005607045 40.75664638610161),Helmet Fitting,6/22/2014,-73.8746600561,40.7566463861
PS 9 TEUNIS G BERGEN SCHOOL,POINT (-73.9655407172661 40.67829654426422),Helmet Fitting,6/14/2014,-73.9655407173,40.6782965443
Albee Square Mall,POINT (-73.98295850854755 40.6896994797974),Helmet Fitting,6/13/2014,-73.9829585085,40.6896994798
PS 279-CAPT MANUEL RIVERA JR SCHOOL,POINT (-73.90556624563987 40.85443144915479),Helmet Fitting,6/9/2014,-73.9055662456,40.8544314492
Friends Field,POINT (-73.97186409120657 40.61915092914237),Helmet Fitting,6/1/2014,-73.9718640912,40.6191509291
RXR Realty,POINT (-73.97851339785112 40.753868442709894),Helmet Fitting,4/23/2014,-73.9785133979,40.7538684427
Story Avenue Park,POINT (-73.8635059753578 40.82357172058985),Helmet Fitting,5/31/2014,-73.8635059754,40.8235717206
Summer Streets,POINT (-73.98587926792382 40.74085398253324),Helmet Fitting,8/16/2014,-73.9858792679,40.7408539825
Summer Streets,POINT (-73.98587926792382 40.74085398253324),Helmet Fitting,8/9/2014,-73.9858792679,40.7408539825
National Night Out,POINT (-73.9904872214549 40.692475311078354),Helmet Fitting,8/5/2014,-73.9904872215,40.6924753111
Summer Streets,POINT (-73.98587926792382 40.74085398253324),Helmet Fitting,8/2/2014,-73.9858792679,40.7408539825
Von King Park,POINT (-73.94677776286628 40.69038309043025),Helmet Fitting,7/19/2014,-73.9467777629,40.6903830904
Bike Bonanza in Far Rockaway,POINT (-73.78784016821174 40.59209794357891),Helmet Fitting,7/12/2014,-73.7878401682,40.5920979436
Staten Island Yankees,POINT (-74.07700234892165 40.64467433807335),other DWI,8/29/2014,-74.0770023489,40.6446743381
Brooklyn Cyclones,POINT (-74.00823091224994 40.708266049780214),other DWI,8/27/2014,-74.0082309122,40.7082660498
Access Safety City,POINT (-73.94787767551404 40.83613191729212),Car Seat Check,8/23/2014,-73.9478776755,40.8361319173
Northern Playground,POINT (-73.87466005607045 40.75664638610161),Helmet Fitting,6/22/2014,-73.8746600561,40.7566463861
"Central Park ""The Adventurer""",POINT (-73.97134186774048 40.77231353398641),Helmet Fitting,6/21/2014,-73.9713418677,40.772313534
McDonald Park,POINT (-73.84792540949711 40.72266922839542),Helmet Fitting,5/18/2014,-73.8479254095,40.7226692284
Sara Roosevelt Park,POINT (-73.99164822545357 40.72240155901839),Helmet Fitting,5/17/2014,-73.9916482255,40.722401559
Central Branch Public Library,POINT (-73.96906921263185 40.672835445075805),Helmet Fitting,5/13/2014,-73.9690692126,40.6728354451
Kensington Branch Public Library,POINT (-73.97556972148665 40.631492353653954),Helmet Fitting,5/8/2014,-73.9755697215,40.6314923537
Baisley Pond Park,POINT (-73.78697083576013 40.66708418902966),Helmet Fitting,5/3/2014,-73.7869708358,40.667084189
Tribeca Whole Foods,POINT (-74.01121861052339 40.715311601201584),Helmet Fitting,5/2/2014,-74.0112186105,40.7153116012
St. Mary's Park,POINT (-73.91427486661753 40.811972045422756),Helmet Fitting,4/27/2014,-73.9142748666,40.8119720454
Brooklyn North YMCA,POINT (-73.88271544883638 40.68511484465243),Helmet Fitting,4/26/2014,-73.8827154488,40.6851148447
Anne Loftus Playground,POINT (-73.9324532929579 40.86158654738281),Helmet Fitting,4/19/2014,-73.932453293,40.8615865474
Thomas Greene Park,POINT (-73.98653383389325 40.6803732206864),Helmet Fitting,4/12/2014,-73.9865338339,40.6803732207
Pratt Institute,POINT (-73.96395777405799 40.69205560013176),Helmet Fitting,4/3/2014,-73.9639577741,40.6920556001
Access Safety City,POINT (-73.94787767551404 40.83613191729212),Car Seat Check,7/19/2014,-73.9478776755,40.8361319173
BK Bergen Beach Sports Complex,POINT (-73.89928354875498 40.61817976710198),NA,8/12/2014,-73.8992835488,40.6181797671
Summer Streets,POINT (-73.97352368362446 40.757808858654556),Safety Zone,8/16/2014,-73.9735236836,40.7578088587
Summer Streets,POINT (-73.97352368362446 40.757808858654556),Safety Zone Event,8/9/2014,-73.9735236836,40.7578088587
Summer Streets,POINT (-73.97352368362446 40.757808858654556),Safety Zone Event,8/2/2014,-73.9735236836,40.7578088587
Atlantic Antics,POINT (-73.9826601592185 40.68608731716385),Helmet Fitting,9/28/2014,-73.9826601592,40.6860873172
Roy Wilkens Park,POINT (-73.76845541413604 40.68628385726623),Helmet Fitting,9/27/2014,-73.7684554141,40.6862838573
Bike Bonanza in Rainey Park,POINT (-73.94027250527647 40.76553110505373),Helmet Fitting,9/20/2014,-73.9402725053,40.7655311051
Bike Bonanza in Travers Park,POINT (-73.88875647714339 40.753339144886546),Helmet Fitting,9/13/2014,-73.8887564771,40.7533391449
CM Helen Rosenthal District Office,POINT (-73.97154023379584 40.78734177348188),Helmet Fitting,9/6/2014,-73.9715402338,40.7873417735
Vision Zero / Street teams,POINT (-73.93542465328034 40.85077412317802),NA,9/20/2014,-73.9354246533,40.8507741232
Street Teams,POINT (-73.91169632327805 40.82226280229817),NA,9/6/2014,-73.9116963233,40.8222628023
Street Teams,POINT (-73.90393859904898 40.880134196223906),NA,9/6/2014,-73.903938599,40.8801341962
WFAN YANKEE RADIO,POINT (-74.0072952272864 40.727539816072664),Community Fair,9/20/2014,-74.0072952273,40.7275398161
DWI Campaign,POINT (-73.87240399770963 40.754464007100346),Other DWI,9/3/2014,-73.8724039977,40.7544640071
Mets Jam @ Brooklyn Bridge Park,POINT (-73.99919580211059 40.69399904770552),Other DWI,9/6/2014,-73.9991958021,40.6939990477
Yankees Fan Fest @ Intrepid Museum,POINT (-74.00079055131131 40.76498665711432),Other DWI,9/20/2014,-74.0007905513,40.7649866571
PS 33 TIMOTHY DWIGHT SCHOOL,POINT (-73.90175971833244 40.86184994502399),Helmet Fitting,4/30/2015,-73.9017597183,40.861849945
First Baptist Church FCU,POINT (-73.93038504551883 40.77211842313069),Helmet Fitting,4/25/2015,-73.9303850455,40.7721184231
Queensbridge Houses,POINT (-73.94532753197956 40.75548785191541),Helmet Fitting,4/18/2015,-73.945327532,40.7554878519
Access Safety city,POINT (-73.94787767551404 40.83613191729212),car seats,4/18/2015,-73.9478776755,40.8361319173
Sara Roosevelt  Park,POINT (-73.99335859049533 40.719069533493986),Helmet Fitting,4/11/2015,-73.9933585905,40.7190695335
Street Teams,POINT (-73.99045458871653 40.693721432699135),NA,4/25/2015,-73.9904545887,40.6937214327
Street Teams,POINT (-73.91870117801648 40.743156447566655),NA,4/18/2015,-73.918701178,40.7431564476
Access Safety City,POINT (-73.94787767551404 40.83613191729212),Car Seat Check,5/16/2015,-73.9478776755,40.8361319173
NA,POINT (-73.98496370628436 40.624321830656655),Helmet Fitting,5/31/2015,-73.9849637063,40.6243218307
St. Mary's Playground,POINT (-73.91409742848593 40.81230128034509),Helmet Fitting,5/30/2015,-73.9140974285,40.8123012803
121 precinct,POINT (-74.14876856162897 40.625104893008064),NA,5/16/2015,-74.1487685616,40.625104893
105 precinct,POINT (-73.7353099257523 40.71849646887023),NA,5/30/2015,-73.7353099258,40.7184964689
St. Mary's Playground,POINT (-73.91409742848593 40.81230128034509),Helmet Fitting,5/30/2015,-73.9140974285,40.8123012803
IS 61 LEONARDO DA VINCI INTERMEDIATE SCHOOL,POINT (-73.86330723900721 40.74266760849045),Helmet Fitting,5/23/2015,-73.863307239,40.7426676085
Thomas Jefferson Recreation Center,POINT (-73.93718117595122 40.79356145316587),Helmet Fitting,5/16/2015,-73.937181176,40.7935614532
Story Avenue Playground,POINT (-73.8635059753578 40.82357172058985),Helmet Fitting,5/9/2015,-73.8635059754,40.8235717206
Street Teams,POINT (-73.95092868589244 40.785866408562576),NA,5/2/2015,-73.9509286859,40.7858664086
Brooklyn Public Library,POINT (-73.96906921263185 40.672835445075805),Helmet Fitting,5/7/2015,-73.9690692126,40.6728354451
Street Teams,POINT (-73.95558403595967 40.77949776761449),NA,5/9/2015,-73.955584036,40.7794977676
Street Teams,POINT (-73.90418126009332 40.81212603690631),NA,5/30/2015,-73.9041812601,40.8121260369
PS 32 BELMONT SCHOOL,POINT (-73.88593449286955 40.85210266784935),Helmet Fitting,6/23/2015,-73.8859344929,40.8521026678
Castle Hill Park,POINT (-73.85286898623679 40.83985127660923),Helmet Fitting,6/20/2015,-73.8528689862,40.8398512766
Riverbank State Park,POINT (-73.95189913873563 40.82714747365287),Helmet Fitting,6/13/2015,-73.9518991387,40.8271474737
Bike Bonanza,POINT (-73.92188188845759 40.86510132296843),Helmet Fitting,6/13/2015,-73.9218818885,40.865101323
Friends Field,POINT (-73.9717527021293 40.618500385548636),Helmet Fitting,6/7/2015,-73.9717527021,40.6185003855
Socrates Sculpture Park,POINT (-73.93631393235381 40.767634202081354),Helmet Fitting,6/6/2015,-73.9363139324,40.7676342021
Street Teams,POINT (-74.02834991688351 40.6227987046361),Street Teams,6/6/2015,-74.0283499169,40.6227987046
Street Teams,POINT (-73.99995667905013 40.71801848149741),Street Teams,6/3/2015,-73.9999566791,40.7180184815
Street Teams,POINT (-73.86417051196128 40.73343527238935),Street Teams,6/20/2015,-73.864170512,40.7334352724
Street Teams,POINT (-73.91074118288225 40.669684166103906),Street Teams,6/27/2015,-73.9107411829,40.6696841661
Access Safety City,POINT (-73.94787767551404 40.83613191729212),Car Seats,6/20/2015,-73.9478776755,40.8361319173
Helmet Event @ Brower Park,POINT (-73.94454353504419 40.6740064913126),Helmet Fitting,,-73.944543535,40.6740064913
Street Teams,POINT (-73.90107870866323 40.86275511413898),Special Events,,-73.9010787087,40.8627551141
Street Teams,POINT (-73.94226227389123 40.806414925198666),Special Events,,-73.9422622739,40.8064149252
Street Teams,POINT (-74.06662417729504 40.5903421469337),Special Events,,-74.0666241773,40.5903421469
Bike Bonanza - Rockaway Freeway,POINT (-73.78784016821174 40.59209794357891),Helmet Fitting,,-73.7878401682,40.5920979436
Canarsie Pier - Bike Bonanza,POINT (-73.88635593824063 40.63082120874751),Helmet Fitting,,-73.8863559382,40.6308212087
Marcy Houses (NYCHA),POINT (-73.95114165631689 40.697403171579225),Helmet Fitting,,-73.9511416563,40.6974031716
Queensbridge Development,POINT (-73.94559092754272 40.75560325572687),Helmet Fitting,,-73.9455909275,40.7556032557
Safety Education,POINT (-73.94787767551404 40.83613191729212),Child Passenger Safety,,-73.9478776755,40.8361319173
Faber Pool/Park,POINT (-74.1357910847124 40.64025573385065),Helmet Fitting,8/22/2015,-74.1357910847,40.6402557339
NYCHA Sumner Houses,POINT (-73.94073639900222 40.69858127835494),Helmet Fitting,8/19/2015,-73.940736399,40.6985812784
ASC,POINT (-73.94787767551404 40.83613191729212),car seats,8/16/2015,-73.9478776755,40.8361319173
Summer Streets,POINT (-73.97352368362446 40.757808858654556),Helmet Fitting,8/15/2015,-73.9735236836,40.7578088587
Summer Streets,POINT (-73.97352368362446 40.757808858654556),,8/1/2015,-73.9735236836,40.7578088587
Summer Streets,POINT (-73.97352368362446 40.757808858654556),Helmet Fitting,8/8/2015,-73.9735236836,40.7578088587
Street Teams,POINT (-73.98120216104525 40.57556544172012),Special Events,8/8/2015,-73.981202161,40.5755654417
Street Teams,POINT (-73.99394727051646 40.75152352946722),Special Events,8/22/2015,-73.9939472705,40.7515235295
Street Teams,POINT (-73.98219705037066 40.77303286239847),Special Events,8/29/2015,-73.9821970504,40.7730328624
Summer Streets,POINT (-73.98587926792382 40.74085398253324),Helmet Fitting,8/15/2015,-73.9858792679,40.7408539825
Summer Streets,POINT (-73.98587926792382 40.74085398253324),Helmet Fitting,8/1/2015,-73.9858792679,40.7408539825
Summer Streets,POINT (-73.98587926792382 40.74085398253324),Helmet Fitting,8/8/2015,-73.9858792679,40.7408539825
Street Teams,POINT (-73.77919711402309 40.691651799195114),Special Events,8/1/2015,-73.779197114,40.6916517992
DWI Aviators,POINT (-73.89973423529423 40.5891154929961),Other DWI,9/5/2015,-73.8997342353,40.589115493
Brooklyn Cyclones,POINT (-73.98587831954687 40.57506930230919),Other DWI,9/6/2015,-73.9858783195,40.5750693023
Brooklyn Cyclones,POINT (-73.98587831954687 40.57506930230919),Other DWI,9/7/2015,-73.9858783195,40.5750693023
METS JAM,POINT (-73.99470906534658 40.70299352990719),Other DWI,9/12/2015,-73.9947090653,40.7029935299
Citi Field Subway Series,POINT (-73.84539787326065 40.754702657869636),Other DWI,9/18/2015,-73.8453978733,40.7547026579
DWI Aviators,POINT (-73.89973423529423 40.5891154929961),Other DWI,9/19/2015,-73.8997342353,40.589115493
Citi Field Subway Series,POINT (-73.84539787326065 40.754702657869636),Other DWI,9/19/2015,-73.8453978733,40.7547026579
Citi Field Subway Series,POINT (-73.84539787326065 40.754702657869636),Other DWI,9/20/2015,-73.8453978733,40.7547026579
Atlantic Antics,POINT (-73.9848305978311 40.68693026857443),Helmet Fitting,9/27/2015,-73.9848305978,40.6869302686
Marcy Playground,POINT (-73.94920661091906 40.695376694585875),Helmet Fitting,9/26/2015,-73.9492066109,40.6953766946
Access Safety City,POINT (-73.94787767551404 40.83613191729212),Car Seat Check,9/19/2015,-73.9478776755,40.8361319173
Sunken Playground,POINT (-73.93623204311264 40.8380775556238),Helmet Fitting,9/19/2015,-73.9362320431,40.8380775556
Bushwick Houses Community Center,POINT (-73.94076116484831 40.70317877504233),Helmet Fitting,9/16/2015,-73.9407611648,40.703178775
American Playground,POINT (-73.95772828929913 40.729154439205416),Helmet Fitting,9/12/2015,-73.9577282893,40.7291544392
Tour de Bronx,POINT (-73.92267837054267 40.826848877175564),Helmet Fitting,10/25/2015,-73.9226783705,40.8268488772
Access Safety City,POINT (-73.94787767551404 40.83613191729212),Car Seat Training,10/17/2015,-73.9478776755,40.8361319173
Freshkills Park and New Springville Greenway,POINT (-74.16823433706101 40.58729038472494),Helmet Fitting,10/4/2015,-74.1682343371,40.5872903847
Street Teams,POINT (-73.89404070190957 40.664751351835186),VZ Street Teams,10/3/2015,-73.8940407019,40.6647513518
Street Teams,POINT (-73.8673608753866 40.86543029921456),VZ Street Teams,10/10/2015,-73.8673608754,40.8654302992
Street Teams,POINT (-73.90059440957906 40.712697388769314),VZ Street Teams,10/17/2015,-73.9005944096,40.7126973888
Street Teams,POINT (-74.11618784656463 40.62894122915922),VZ Street Teams,10/24/2015,-74.1161878466,40.6289412292
Street Teams,POINT (-73.84464017856607 40.680296571792496),VZ Street Teams,10/31/2015,-73.8446401786,40.6802965718
Floyd Bennett Field,POINT (-73.8997809794083 40.589156705723774),Aviator Sports Run,10/3/2015,-73.8997809794,40.5891567057
Floyd Bennett Field,POINT (-73.8997809794083 40.589156705723774),Aviator Sports Run,10/10/2015,-73.8997809794,40.5891567057
NYC DOT,POINT (-73.94787767551404 40.83613191729212),Car Seat Check,11/21/2015,-73.9478776755,40.8361319173
Barclays Center,POINT (-73.97607707983882 40.68350056262695),Other DWI,11/17/2015,-73.9760770798,40.6835005626
Barclays Center,POINT (-73.97607707983882 40.68350056262695),Other DWI,11/2/2015,-73.9760770798,40.6835005626
Street Teams,POINT (-73.95507641394093 40.820097577438375),STREET TEAMS,11/21/2015,-73.9550764139,40.8200975774
Street teams,POINT (-73.9917151781791 40.73521408462161),STREET TEAMS,11/14/2015,-73.9917151782,40.7352140846
NA,POINT (-73.929867774918 40.605071395123296),NA,11/7/2015,-73.9298677749,40.6050713951
Barclay,POINT (-73.97569130156579 40.68345382074342),,12/1/2015,-73.9756913016,40.6834538207
Barclay,POINT (-73.97569130156579 40.68345382074342),,12/6/2015,-73.9756913016,40.6834538207
Barclay,POINT (-73.97569130156579 40.68345382074342),,12/12/2015,-73.9756913016,40.6834538207
Barclay,POINT (-73.97569130156579 40.68345382074342),,12/16/2015,-73.9756913016,40.6834538207
Barclays,POINT (-73.97569130156579 40.68345382074342),NA,1/22/2016,-73.9756913016,40.6834538207
Barclays,POINT (-73.97569130156579 40.68345382074342),NA,1/8/2016,-73.9756913016,40.6834538207
Barclays Center,POINT (-73.97569130156579 40.68345382074342),NA,1/13/2016,-73.9756913016,40.6834538207
Fordham University,POINT (-73.88953486206836 40.860732773623226),NA,2/27/2016,-73.8895348621,40.8607327736
Manhattan College,POINT (-73.9020448723889 40.889154397431255),NA,2/26/2016,-73.9020448724,40.8891543974
Fordham University,POINT (-73.88953486206836 40.860732773623226),NA,2/10/2016,-73.8895348621,40.8607327736
Barclays,POINT (-73.97569130156579 40.68345382074342),NA,2/8/2016,-73.9756913016,40.6834538207
Babies R Us,POINT (-73.87034025618439 40.65019070651263),NA,2/11/2016,-73.8703402562,40.6501907065
8th Ave & West 23 ST  Street Teams,POINT (-73.99804762873809 40.74265538824078),Street Teams,4/30/2016,-73.9980476287,40.7426553882
Barclays,POINT (-73.97569130156579 40.68345382074342),NA,4/13/2016,-73.9756913016,40.6834538207
Barclays,POINT (-73.97569130156579 40.68345382074342),NA,4/11/2016,-73.9756913016,40.6834538207
IS 131,POINT (-73.85966167574777 40.82352593536174),Helmet Fitting,4/9/2016,-73.8596616757,40.8235259354
NA,POINT (-73.88122628749481 40.881485403852736),Helmet Fitting,4/2/2016,-73.8812262875,40.8814854039
St Cathrine Pk,POINT (-73.95822913254877 40.76476225249751),Helmet Fitting,5/14/2016,-73.9582291325,40.7647622525
Brooklyn Public Library,POINT (-73.96906921390477 40.67283270030587),Helmet Fitting,5/5/2016,-73.9690692139,40.6728327003
Brooklyn Public Lib. press Event,POINT (-73.96906921390477 40.67283270030587),Helmet Fitting,5/5/2016,-73.9690692139,40.6728327003
Barclays,POINT (-73.97569130156579 40.68345382074342),NA,3/26/2016,-73.9756913016,40.6834538207
BARCLAYS,POINT (-73.97569130156579 40.68345382074342),NA,3/22/2016,-73.9756913016,40.6834538207
University of Rhode Island,POINT (-73.88953486206836 40.860732773623226),,3/5/2016,-73.8895348621,40.8607327736
Access Safety City,POINT (-73.94787767551404 40.83613191729212),,3/19/2016,-73.9478776755,40.8361319173
Barclays,POINT (-73.97569130156579 40.68345382074342),NA,3/13/2016,-73.9756913016,40.6834538207
Brownsville Rec Center,POINT (-73.9029395022651 40.655413223420915),,3/19/2016,-73.9029395023,40.6554132234
PS 32 BELMONT SCHOOL,POINT (-73.88593449286955 40.85210266784935),Helmet Fitting,6/23/2015,-73.8859344929,40.8521026678
Riverbank State Park,POINT (-73.95189913873563 40.82714747365287),Helmet Fitting,6/13/2015,-73.9518991387,40.8271474737
Friends Field,POINT (-73.9717527021293 40.618500385548636),Helmet Fitting,6/7/2015,-73.9717527021,40.6185003855
Socrates Sculpture Park,POINT (-73.93631393235381 40.767634202081354),Helmet Fitting,6/6/2015,-73.9363139324,40.7676342021
Street Teams,POINT (-73.86417051196128 40.73343527238935),Street Teams,6/20/2015,-73.864170512,40.7334352724
Access Safety City,POINT (-73.94787767551404 40.83613191729212),Car Seats,6/20/2015,-73.9478776755,40.8361319173
121 PCT,POINT (-74.14925780001917 40.62318564767983),Street Teams,7/23/2016,-74.1492578,40.6231856477
ACCESS SAFETY CITY,POINT (-73.94787767551404 40.83613191729212),Car Seat Check,7/16/2016,-73.9478776755,40.8361319173
Staten Island Yankees,POINT (-74.07700234892165 40.64467433807335),DWI Campaign Event,7/8/2016,-74.0770023489,40.6446743381
Staten Island Yankees,POINT (-74.07700234892165 40.64467433807335),DWI Campaign Event,7/21/2016,-74.0770023489,40.6446743381
Staten Island Yankees,POINT (-74.07700234892165 40.64467433807335),DWI Campaign Event,7/29/2016,-74.0770023489,40.6446743381
Staten Island Yankees,POINT (-74.07700234892165 40.64467433807335),DWI Campaign Event,7/14/2016,-74.0770023489,40.6446743381
ACCESS - VR Queens District Office,POINT (-73.9501793226829 40.744925516783766),Community Fair,7/20/2016,-73.9501793227,40.7449255168
D.O.T. Employees Qns,POINT (-73.93820748066857 40.750079845257154),Helmet Fitting,7/19/2016,-73.9382074807,40.7500798453
New York Mets,POINT (-73.84539787326065 40.754702657869636),DWI Campaign Event,7/28/2016,-73.8453978733,40.7547026579
Thompson Sq PK,POINT (-73.97990753970015 40.7268658292396),Helmet Fitting,4/30/2016,-73.9799075397,40.7268658292
Counsel Member Helen Rosenthal,POINT (-73.97168114553021 40.78716340093213),Helmet Fitting,4/23/2016,-73.9716811455,40.7871634009
Street Teams,POINT (-73.99380958084126 40.60194983396585),Street Teams,4/16/2016,-73.9938095808,40.601949834
107 Pct,POINT (-73.79174397972854 40.72578994642736),Street Teams,5/14/2016,-73.7917439797,40.7257899464
Gravesend Pk,POINT (-73.98496370628436 40.624321830656655),Helmet Fitting,5/8/2016,-73.9849637063,40.6243218307
Castle Hill Park,POINT (-73.85286898623679 40.83985127660923),Helmet Fitting,6/20/2015,-73.8528689862,40.8398512766
Bike Bonanza,POINT (-73.92376631618558 40.864402685869536),Helmet Fitting,6/13/2015,-73.9237663162,40.8644026859
Street Teams,POINT (-74.02834991688351 40.6227987046361),Street Teams,6/6/2015,-74.0283499169,40.6227987046
Street Teams,POINT (-73.99995667905013 40.71801848149741),Street Teams,6/3/2015,-73.9999566791,40.7180184815
Street Teams,POINT (-73.91074118288225 40.669684166103906),Street Teams,6/27/2015,-73.9107411829,40.6696841661
Bike Bonanza,POINT (-73.78899498527518 40.59241023345102),Community Fair,7/17/2016,-73.7889949853,40.5924102335
18th PCT,POINT (-73.98151250116753 40.767889112245356),Street Teams,7/16/2016,-73.9815125012,40.7678891122
Harlem Week,POINT (-73.96301463078373 40.81262377941952),Community Fair,7/31/2016,-73.9630146308,40.8126237794
100 PCT,POINT (-73.81530335518461 40.583869775827054),Street Teams,7/9/2016,-73.8153033552,40.5838697758
109 PCT,POINT (-73.83430802861054 40.75829109691922),Street Teams,7/30/2016,-73.8343080286,40.7582910969
Bay Plaza Mall,POINT (-73.82712462841262 40.83071408429692),Street Teams,8/13/2016,-73.8271246284,40.8307140843
Summer Streets,POINT (-73.98587926792382 40.74085398253324),Helmet Fitting,8/13/2016,-73.9858792679,40.7408539825
Summer Streets - Hands Cyclist Station,POINT (-73.98587926792382 40.74085398253324),Other Special Event,8/13/2016,-73.9858792679,40.7408539825
Staten Island Yankees,POINT (-74.0964900045617 40.644761195271236),Other Special Event,8/8/2016,-74.0964900046,40.6447611953
Yankee Fest,POINT (-73.99730155927146 40.71932495554371),Other Special Event,8/20/2016,-73.9973015593,40.7193249555
Mets Jam,POINT (-73.98587831954687 40.57506930230919),Other Special Event,8/20/2016,-73.9858783195,40.5750693023
Summer Streets - Hands Cyclist Station,POINT (-73.98587926792382 40.74085398253324),Helmet Fitting,8/6/2016,-73.9858792679,40.7408539825
Summer Street,POINT (-73.98587926792382 40.74085398253324),Helmet Fitting,8/6/2016,-73.9858792679,40.7408539825
Citifield Mets,POINT (-73.84539787326065 40.754702657869636),Other Special Event,8/1/2016,-73.8453978733,40.7547026579
109th Precinct,POINT (-73.82743580292767 40.76228559627696),Street Teams,8/30/2016,-73.8274358029,40.7622855963
NY Mets,POINT (-73.84539787326065 40.754702657869636),Other Special Event,8/2/2016,-73.8453978733,40.7547026579
Staten Island Yankees,POINT (-74.0964900045617 40.644761195271236),Other Special Event,8/17/2016,-74.0964900046,40.6447611953
Staten Island Yankees,POINT (-74.0964900045617 40.644761195271236),Other Special Event,8/24/2016,-74.0964900046,40.6447611953
Brooklyn Cyclones,POINT (-73.98587831954687 40.57506930230919),Other Special Event,8/29/2016,-73.9858783195,40.5750693023
Staten Island Yankees,POINT (-74.0964900045617 40.644761195271236),Other Special Event,8/31/2016,-74.0964900046,40.6447611953
Summer Streets - Hands Cyclist Station,POINT (-73.98587926792382 40.74085398253324),Helmet Fitting,8/20/2016,-73.9858792679,40.7408539825
Summer Street,POINT (-73.98587926792382 40.74085398253324),Helmet Fitting,8/6/2016,-73.9858792679,40.7408539825
Safety Zone,POINT (-73.97352368362446 40.757808858654556),Other Special Event,8/6/2016,-73.9735236836,40.7578088587
Safety Zone,POINT (-73.97352368362446 40.757808858654556),Other Special Event,8/13/2016,-73.9735236836,40.7578088587
Safety Zone,POINT (-73.97352368362446 40.757808858654556),Other Special Event,8/20/2016,-73.9735236836,40.7578088587
National Night Out w/45th PCT,POINT (-73.8285822139428 40.86947155502631),Special Event,8/2/2016,-73.8285822139,40.869471555
115th Precinct Community Council,POINT (-73.875836225034 40.75657023523091),Community Fair,8/2/2016,-73.875836225,40.7565702352
Bike Safety,POINT (-73.85604053970033 40.75707144442907),Helmet Fitting,8/25/2016,-73.8560405397,40.7570714444
Bike Safety,POINT (-73.74196998287628 40.661483260511105),Helmet Fitting,8/27/2016,-73.7419699829,40.6614832605
70 Pct 154 Lawrence Ave Parade Grounds,POINT (-73.97370385089303 40.630591651347885),Street Teams,9/10/2016,-73.9737038509,40.6305916513
Woodhull Hospital,POINT (-73.94160383013772 40.70052776221567),Helmet Fitting,9/10/2016,-73.9416038301,40.7005277622
LaGuardia Community College,POINT (-73.93502202979168 40.744901494471065),Helmet Fitting,9/28/2016,-73.9350220298,40.7449014945
PS 57 & Frederick Douglass Academy,POINT (-73.88856123550434 40.84847124418872),Helmet Fitting,9/30/2016,-73.8885612355,40.8484712442
Access Safety City,POINT (-73.94788128933752 40.836131918925226),Car Seats,9/17/2016,-73.9478812893,40.8361319189
Detective Keith Williams Park,POINT (-73.78314065879427 40.702070232530716),Helmet Fitting,9/17/2016,-73.7831406588,40.7020702325
Gravesend Pk,POINT (-73.98496370628436 40.624321830656655),Helmet Fitting,9/11/2016,-73.9849637063,40.6243218307
Gravesend PK,POINT (-73.98496370628436 40.624321830656655),Other Bike  Safety,9/11/2016,-73.9849637063,40.6243218307
Kissena Park Velodrome,POINT (-73.81013310241947 40.742295789777835),Helmet Fitting,9/25/2016,-73.8101331024,40.7422957898
Access Safety City,POINT (-73.94788128933752 40.836131918925226),Car Seats,10/15/2016,-73.9478812893,40.8361319189
Harris Field,POINT (-73.89194968515866 40.87637708993648),Helmet Fitting,10/23/2016,-73.8919496852,40.8763770899
Mosholu Montefiore Community Center,POINT (-73.88122628749481 40.881485403852736),Helmet Fitting,10/22/2016,-73.8812262875,40.8814854039
PS 46 Ally Pond School Yard,POINT (-73.75875197686752 40.746201483796916),Helmet Fitting,10/02/2016,-73.7587519769,40.7462014838
Access Safety City,POINT (-73.94788128933752 40.836131918925226),Car Seats,10/15/2016,-73.9478812893,40.8361319189
Hunter College School Playground,POINT (-73.95432330527115 40.785601564457906),Helmet Fitting,10/29/2016,-73.9543233053,40.7856015645
Staten Island Mall,POINT (-74.1690534012449 40.58230461406653),Street Teams,10/29/2016,-74.1690534012,40.5823046141
Thomas Greene PK,POINT (-73.98413988465933 40.68024665539946),Helmet Fitting,10/15/2016,-73.9841398847,40.6802466554
Barclays,POINT (-73.97569130156579 40.68345382074342),NA,11/23/2016,-73.9756913016,40.6834538207
Access Safety City,POINT (-73.94788128933752 40.836131918925226),Car Seat Check,11/19/2016,-73.9478812893,40.8361319189
Barclays,POINT (-73.97569130156579 40.68345382074342),NA,11/18/2016,-73.9756913016,40.6834538207
Barclays,POINT (-73.97569130156579 40.68345382074342),NA,11/14/2016,-73.9756913016,40.6834538207
Barclays,POINT (-73.97569130156579 40.68345382074342),NA,11/29.2016,-73.9756913016,40.6834538207
DWI,POINT (-73.97569130156579 40.68345382074342),NA,12/14/2016,-73.9756913016,40.6834538207
Uber,POINT (-73.93565175398989 40.74306012032986),NA,1/19/2017,-73.935651754,40.7430601203
Uber,POINT (-73.93565175398989 40.74306012032986),NA,1/10/2017,-73.935651754,40.7430601203
Uber,POINT (-73.93565175398989 40.74306012032986),NA,1/31/2017,-73.935651754,40.7430601203
Uber,POINT (-73.93565175398989 40.74306012032986),NA,1/26/2017,-73.935651754,40.7430601203
Barclays,POINT (-73.97569130156579 40.68345382074342),NA,1/21/2017,-73.9756913016,40.6834538207
Barclays,POINT (-73.97569130156579 40.68345382074342),NA,1/11/2017,-73.9756913016,40.6834538207
Uber,POINT (-73.93565175398989 40.74306012032986),NA,1/12/2017,-73.935651754,40.7430601203
Uber,POINT (-73.93565175398989 40.74306012032986),NA,1/10/2017,-73.935651754,40.7430601203
Uber,POINT (-73.93565175398989 40.74306012032986),NA,1/5/2017,-73.935651754,40.7430601203
Barclays,POINT (-73.97569130156579 40.68345382074342),NA,1/22/2017,-73.9756913016,40.6834538207
Barclays,POINT (-73.97569130156579 40.68345382074342),NA,1/19/2017,-73.9756913016,40.6834538207
,POINT (-73.83881253024961 40.824058557225875),Car Seat Check,9/15/2018,-73.8388125302,40.8240585572
Bike Bonanza - Helmet Fitting & Distribution Event in Michael J. Petrides School,POINT (-74.10206680719473 40.60851136326576),Helmet Fitting,9/15/2018,-74.1020668072,40.6085113633
Central Park West,POINT (-73.9670986299348 40.77248329435638),Stadium Events,9/9/2018,-73.9670986299,40.7724832944
DOT/VZ Bike Helmet Fitting & Distribution Event,POINT (-73.892166047396 40.758595791657235),Helmet Fitting,9/29/2018,-73.8921660474,40.7585957917
DOT/VZ Helmet Fitting & Distribution @ Van Cortlandt Park Memorial Grove,POINT (-73.89989959490153 40.88955049338358),Helmet Fitting,9/22/2018,-73.8998995949,40.8895504934
DOT/VZ Helmet Fitting & Distribution Event @ Party on the Park,POINT (-73.94199252019709 40.800971956016916),Helmet Fitting,9/30/2018,-73.9419925202,40.800971956
National Safe Kids Day # Old Navy,POINT (-73.97561561597063 40.68345650717216),Community Fair,9/29/2018,-73.975615616,40.6834565072
Uber,POINT (-73.93565178599825 40.74306007802392),UBER,9/18/2018,-73.935651786,40.743060078
VZ Bike Helmet Fitting & Distribution Event in Castlewood Playground,POINT (-73.72277556262696 40.75021016288569),Helmet Fitting,9/16/2018,-73.7227755626,40.7502101629
VZ Bike Helmet Fitting & Distributuion Event,POINT (-73.97680061579975 40.71807923109977),Helmet Fitting,9/8/2018,-73.9768006158,40.7180792311
VZ Street Teams,POINT (-73.8502208689015 40.68693530831868),Street Teams,9/29/2018,-73.8502208689,40.6869353083
Allen Pavillon Hospital,POINT (-73.91266752955632 40.87238458791558),Community Fair,3/5/2019,-73.9126675296,40.8723845879
Barclay Center,POINT (-73.97569133352013 40.68345377842603),Stadium Events,3/6/2019,-73.9756913335,40.6834537784
Barclays,POINT (-73.97569133352013 40.68345377842603),Stadium Events,3/27/2019,-73.9756913335,40.6834537784
Brookdale Hospital Medical Center,POINT (-73.91158368713447 40.65416304094712),"Community Fair
Community Fair",3/5/2019,-73.9115836871,40.6541630409
DOH/Family Wellness,POINT (-73.9416991606225 40.79775498623477),Training,3/6/2019,-73.9416991606,40.7977549862
Jean Nuzzi Intermediate School,POINT (-73.74700056345102 40.720713037726284),Helmet Fitting,3/30/2019,-73.7470005635,40.7207130377
NYCDOH/Family Wellness/Bronx,POINT (-73.8944815588634 40.8440824916516),Training,3/22/2019,-73.8944815589,40.8440824917
NYU Langone Brooklyn,POINT (-74.02092961570013 40.646940658649925),Safety Shower,3/7/2019,-74.0209296157,40.6469406587
NYU Medical Center,POINT (-73.97459446047473 40.74229299785287),Training,3/30/2019,-73.9745944605,40.7422929979
Spence-Chapin,POINT (-73.94611946986825 40.7804872828952),Training,3/12/2019,-73.9461194699,40.7804872829
